item_id,shop_id,cat_id,category_name,title,description,brand,condition,item_status,shop_location,currency,price_min,price_max,price_min_before_discount,price_max_before_discount,discount_pct,rating_star,total_rating_count,sold_display,liked_count,cmt_count,is_service_by_shopee,is_pre_order,is_free_shipping,is_adult,stock_display,created_at
24161353607,196261835,100535,Thiết Bị Âm Thanh,"Tai nghe có dây 3,5mm 4d Bass Dây tóc cao Dual Est Reo Tai nghe có độ trung thực cao với tai nghe micrô","Các tính năng:
1. Thời trang: Sản phẩm này có thiết kế hốc cung đơn giản, quy trình sơn piano và thiết kế vòng phủ chân không mang đến khí chất thời trang kín đáo, nội thất nghiêm ngặt, bố trí âm thanh chuyên nghiệp và mang lại trải nghiệm Chất lượng tuyệt vời..
2. Chất lượng âm thanh sắc nét: Sản phẩm này có mẫu tai nghe kín mới, tai nghe không dây, thân máy nhỏ gọn và thời trang, không có mufla, với loa đơn vị đôi, để có được âm thanh sắc nét và làm cho việc nghe của bạn trở nên gây nghiện hơn.
3. Hiệu ứng âm thanh chất lượng cao: mạch từ hiệu suất cao được cá nhân hóa đặc biệt cuộn dây thoại bên ngoài 10 màng, chất lượng âm thanh gây sốc như thể đó là một buổi hòa nhạc.
4. Thoải mái: Sản phẩm này dựa trên thiết kế tiện dụng, kết hợp với thiết kế bông tai nhân bản, hai phương pháp sử dụng, có thể sử dụng lâu dài mà không bị đau, sử dụng loại móc tai để chỉ ra hiệu quả giảm Nbicta Chạy, mạnh mẽ hơn.
5. Cuộn dây tác động kép bốn lõi: Tai nghe này có thiết kế cuộn dây bốn lõi tác động kép cho chất lượng âm thanh sắc nét hơn.

Mô tả:
Tai nghe này rất thoải mái khi đeo và có chất lượng âm thanh rất rõ ràng, rất thích hợp để nghe nhạc hàng ngày.

THÔNG SỐ KỸ THUẬT:
Màu: trắng, đỏ, vàng, đen (tùy chọn)
Kích thước: 145 * 100 mm
Phương pháp trang điểm: in-ear
Nguồn đầu ra tai nghe: âm thanh và video di động
Đường kính phích cắm: 3,5 mm
Loại phích cắm: loại trực tiếp
Muốn trở thành tai nghe không dây: tai nghe có dây
Có hoặc không có micrô: Có
Nguyên lý âm thanh: vòng tròn động
Độ nhạy: 95 ± 3 (dB)


Gói bao gồm:
1pc * tai nghe thể thao


Ghi chú:
1. Thuộc tính sự khác biệt giữa các màn hình khác nhau, hình ảnh có thể không phản ánh màu sắc thực tế của mặt hàng. Chúng tôi đảm bảo phong cách giống như đã định nghĩa trong ảnh.
2. Dẫn xuất cho phép đo thủ công và các phương pháp khử khác nhau, cho phép độ lệch 1-3mm. Cảm ơn bạn!",,Mới,normal,Nước ngoài,VND,4356000000,4510000000,7480000000,8140000000,45,4.75,30675,80k+,1193,11164,True,True,False,,CÒN HÀNG,2024-01-29 07:25:23
18381625974,7669738,100013,Điện Thoại & Phụ Kiện,Ốp lưng iphone TPU Silicon Bảo Vệ Bốn Góc Trong Siêu Chống Sốc 6plus/7plus/8plus/x/xs/11/12/13/14/15/16/17/pro/max U4-13,"THÔNG TIN SẢN PHẨM:  Ốp lưng iphone 6/6s/6plus/6splus/7/8/7plus/8plus/x/xs/xs max/11/11pro max/12/12/13/14 pro max.  
Mã Sản Phẩm: Ốp lưng iphone TPU Silicon Bảo Vệ Bốn Góc Trong Siêu Chống Sốc 6plus/7plus/8plus/x/xs/11/12/13/14/15/16/17/pro/max U4-13
 Màu sắc sản phẩm : 
- Ốp lưng được đóng gói bằng túi nilon thiết kế đẹp.
- Mực in chất lượng cao,sắc nét, không phai màu, không gây hại cho da,
- Hình ảnh thiết kế đẹp, phong cách, trẻ trung.
- Công dụng: thay đổi màu sắc cho điện thoại, giữ điện thoại chắc chắn trên tay, an toàn chống trầy xước,  bảo vệ chiếc ốp khỏi va đập.
Hướng dẫn sử dụng sản phẩm Ốp lưng iphone 5/5s/6/6s/6plus/6splus/7/8/7plus/8plus/x/xs/xs max/11/11pro max.
- Không nên để ốp lưng, bao da dưới sàn nhà. 
- Để nơi thoáng mát sẽ giúp bảo quản.
- Để xa tầm tay trẻ em.
- Xuất xứ: Việt Nam
""AWiFi CAM KẾT
- Hình ảnh sản phẩm giống 100% .
- Đảm bảo ốp chất lượng 100%.
- Ốp được kiểm tra kĩ càng, cẩn thận và tư vấn nhiệt tình trước khi gói hàng giao cho Quý Khách.
- Hàng có sẵn, giao hàng ngay khi nhận được đơn. 
- Hoàn tiền nếu sản phẩm không giống với mô tả.
- Chấp nhận đổi hàng khi dùng không vừa, không hài lòng.
- Gửi hàng siêu tốc : Awifi với đội ngũ nhân viên hùng hậu cam kết dịch vụ đóng hàng,gói hàng siêu nhanh 
- Hỗ trợ đổi trả theo quy định.
Ốp lưng dành cho các dòng máy iphone: iphone 5/5s ; iphone 6/6s ; iphone 6plus/6s plus ; iphone 7plus/8plus ; iphone x/xs ; iphone xs max ; iphone 11 ; iphone 11pro max ; iphone12mini ; iphone12 ; iphone12pro ; iphone12promax .
Cách nhận biết iphone đang sử dụng:
- Kích thước ốp iphone 5/5s (5=5s=> chọn 5/5s) : 6x12.5 cm.
- Kích thước ốp iphone 6/6s (6=6s=> chọn 6/6s)  : 7x14 cm.
- Kích thước ốp iphone 6plus/6splus (6plus=6splus=> chọn 6plus/6splus) : 80x160 cm.
- Kích thước ốp iphone 7/8 (7=8=> chọn 7/8)  : 7x14 cm.
- Kích thước ốp iphone 7plus/8plus 97plus=8plus => chọn 7plus/8plus )  : 80x160 cm.
- Kích thước ốp iphone x/xs (x=xs=> chọn x/xs)  : 73x145 cm.
- Kích thước ốp iphone xsmax  : 80x157 cm.
- Kích thước ốp iphone 11  : 79x153 cm.
- Kích thước ốp iphone 11 pro max : 80x157 cm.
- Kích thước ốp iphone 12 : 69x144 cm.
- Kích thước ốp iphone 12 pro max: 76x158 cm.
Hướng dẫn sử dụng sản phẩm Ốp lưng iphone 6/6plus/6s/6s plus/7/7plus/8/8plus/x/xs/xs max/11/11 promax/12 /12 pro max - Awifi Case.
- Không nên để ốp lưng, bao da dưới sàn nhà. 
- Để nơi thoáng mát sẽ giúp bảo quản.
- Để xa tầm tay trẻ em.
Quý khách lưu ý:
- Khi nhận được hàng Quý khách vui lòng bỏ chút thời gian để đánh giá cho shop, để shop có chiều hướng phục vụ tốt hơn cho Quý khách.
Hashtag: #op #lung #iphone #dien #thoai #phu #kien #inhinh #deo #chong #ban #hanquoc #case #iphone5 #iphone5s #iphone6 #iphone6s #iphone6splus",,Mới,normal,Hà Nội,VND,1490000000,1490000000,2500000000,2500000000,40,4.89,84974,500k+,6488,83380,False,False,False,,CÒN HÀNG,2023-07-08 05:02:46
